Month,Daily_AirTemp_Mean_C
1,-22.889032258064514
2,-20.70094451003542
3,-20.692365591397852
4,-11.762555555555554
5,-0.7951612903225806
6,8.58989247311828
7,11.222060353798126
8,7.234859521331946
9,-0.11075268817204302
10,-10.544224765868886
11,-18.339354838709674
12,-21.442559833506763
