{"1":-20.5612903226,"2":-23.9410714286,"3":-17.8064516129,"4":-15.2529411765,"5":-0.8758190328,"6":8.76624,"7":11.3609467456,"8":7.1170697013,"9":-0.119525802,"10":-9.8204301075,"11":-21.6366666667,"12":-19.18}